21150020,HHC,PHY01
21150022,HHC,PHY01
21150024,HHC,PHY01
21150026,HHC,PHY01
21150028,HHC,PHY01
21150030,HHC,PHY01
21150032,HHC,PHY01
21150034,HHC,PHY01
21150036,HHC,PHY01
21150038,HHC,PHY01
21150040,HHC,PHY01
21150042,HHC,PHY01
21150044,HHC,PHY01
21150046,HHC,PHY01
21150048,HHC,PHY01
21150050,HHC,PHY01
21150052,HHC,PHY01
21150054,HHC,PHY01
21150056,HHC,PHY01
21150058,HHC,PHY01
21150060,HHC,PHY01
21150062,HHC,PHY01
21150064,HHC,PHY01
21150066,HHC,PHY01
21150068,HHC,PHY01
21150070,HHC,PHY01
21150072,HHC,PHY01
21150074,HHC,PHY01
21150076,HHC,PHY01
21150078,HHC,PHY01