21170001,ABC4,HCM
21170002,ABC4,HCM
21170003,ABC4,HCM
21170004,ABC4,HCM
21170005,ABC4,HCM
21170006,ABC4,HCM
21170007,ABC4,HCM
21170008,ABC4,HCM
21170009,ABC4,HCM
21170010,ABC4,HCM
21170011,ABC4,HCM
21170012,ABC4,HCM
21170013,ABC4,HCM
21170014,ABC4,HCM
21170015,ABC4,HCM
21170016,ABC4,HCM
21170017,ABC4,HCM
21170018,ABC4,HCM
21170019,ABC4,HCM
21170020,ABC4,HCM
21170021,ABC4,HCM
21170022,ABC4,HCM
21170023,ABC4,HCM
21170024,ABC4,HCM
21170025,ABC4,HCM
21170026,ABC4,HCM
21170027,ABC4,HCM
21170028,ABC4,HCM
21170029,ABC4,HCM
21170030,ABC4,HCM